{
    "rmse": 0.7028836590461334,
    "mae": 0.5417726461092741,
    "r2": 0.26566023090322755
}